,Initialization,lambda,Repeat,Num Obs,Obs Dim,centroids_prior_cov_prefactor,likelihood_cov_prefactor,Num True Clusters,Runtime,Num Iter Till Convergence,Num Initial Clusters,Num Inferred Clusters,Loss,Rand Score,Adjusted Rand Score,Adjusted Mutual Info Score,Normalized Mutual Info Score
0,dp-means,0.001,0,1000,13,10.0,1.0,10,0.3979580160230398,2,1000,1000,13322.275626935698,0.9002782782782783,0.0,8.569297922535536e-13,0.499518308537575
1,dp-means,0.001995262314968879,0,1000,13,10.0,1.0,10,0.39488138630986214,2,1000,1000,13322.275626935698,0.9002782782782783,0.0,8.569297922535536e-13,0.499518308537575
2,dp-means,0.003981071705534973,0,1000,13,10.0,1.0,10,0.39356658421456814,2,1000,1000,13322.275626935698,0.9002782782782783,0.0,8.569297922535536e-13,0.499518308537575
3,dp-means,0.007943282347242814,0,1000,13,10.0,1.0,10,0.39245876111090183,2,1000,1000,13322.275626935698,0.9002782782782783,0.0,8.569297922535536e-13,0.499518308537575
4,dp-means,0.015848931924611134,0,1000,13,10.0,1.0,10,0.3909375574439764,2,1000,1000,13322.275626935698,0.9002782782782783,0.0,8.569297922535536e-13,0.499518308537575
5,dp-means,0.03162277660168379,0,1000,13,10.0,1.0,10,0.3979395981878042,2,1000,1000,13322.275626935698,0.9002782782782783,0.0,8.569297922535536e-13,0.499518308537575
6,dp-means,0.0630957344480193,0,1000,13,10.0,1.0,10,0.39448827877640724,2,1000,1000,13322.275626935698,0.9002782782782783,0.0,8.569297922535536e-13,0.499518308537575
7,dp-means,0.12589254117941676,0,1000,13,10.0,1.0,10,0.39395946078002453,2,1000,1000,13322.275626935698,0.9002782782782783,0.0,8.569297922535536e-13,0.499518308537575
8,dp-means,0.25118864315095796,0,1000,13,10.0,1.0,10,0.393934378400445,2,1000,1000,13322.275626935698,0.9002782782782783,0.0,8.569297922535536e-13,0.499518308537575
9,dp-means,0.501187233627272,0,1000,13,10.0,1.0,10,0.39400238171219826,2,1000,1000,13322.275626935698,0.9002782782782783,0.0,8.569297922535536e-13,0.499518308537575
10,dp-means,1.0,0,1000,13,10.0,1.0,10,0.39188991859555244,2,1000,1000,13322.275626935698,0.9002782782782783,0.0,8.569297922535536e-13,0.499518308537575
11,dp-means,1.9952623149688788,0,1000,13,10.0,1.0,10,0.3916294705122709,2,991,991,13336.045451744081,0.9002962962962963,0.00032528287613089497,0.004864519759167637,0.5001961092749807
12,dp-means,3.981071705534969,0,1000,13,10.0,1.0,10,0.6153340749442577,6,283,283,17663.638722074073,0.9053533533533533,0.08804735136533444,0.4491102073619934,0.6006522491330516
13,dp-means,7.943282347242813,0,1000,13,10.0,1.0,10,0.297558119520545,4,11,11,27036.54109590304,0.9957257257257257,0.9757326617423073,0.9862180498586458,0.9864921101210631
14,dp-means,15.848931924611142,0,1000,13,10.0,1.0,10,0.20989585109055042,3,8,8,37668.72886666992,0.9562702702702702,0.7937510582079653,0.9206350757907644,0.9218153171388259
15,dp-means,31.622776601683793,0,1000,13,10.0,1.0,10,0.14401190355420113,2,1,1,141300.38329151005,0.09972172172172172,0.0,-1.6685003805527143e-16,0.0
16,dp-means,63.0957344480193,0,1000,13,10.0,1.0,10,0.19377204962074757,2,1,1,141300.38329151005,0.09972172172172172,0.0,-1.6685003805527143e-16,0.0
17,dp-means,125.89254117941663,0,1000,13,10.0,1.0,10,0.19101159647107124,2,1,1,141300.38329151005,0.09972172172172172,0.0,-1.6685003805527143e-16,0.0
18,dp-means,251.18864315095772,0,1000,13,10.0,1.0,10,0.1922384463250637,2,1,1,141300.38329151005,0.09972172172172172,0.0,-1.6685003805527143e-16,0.0
19,dp-means,501.18723362727246,0,1000,13,10.0,1.0,10,0.19128304347395897,2,1,1,141300.38329151005,0.09972172172172172,0.0,-1.6685003805527143e-16,0.0
20,dp-means,1000.0,0,1000,13,10.0,1.0,10,0.19142990186810493,2,1,1,141300.38329151005,0.09972172172172172,0.0,-1.6685003805527143e-16,0.0
21,dp-means++,0.001,0,1000,13,10.0,1.0,10,7.563926307484508,2,1000,1000,13322.275626935698,0.9002782782782783,0.0,8.569297922535536e-13,0.499518308537575
22,dp-means++,0.001995262314968879,0,1000,13,10.0,1.0,10,7.558368679136038,2,1000,1000,13322.275626935698,0.9002782782782783,0.0,8.569297922535536e-13,0.499518308537575
23,dp-means++,0.003981071705534973,0,1000,13,10.0,1.0,10,7.541922353208065,2,1000,1000,13322.275626935698,0.9002782782782783,0.0,8.569297922535536e-13,0.499518308537575
24,dp-means++,0.007943282347242814,0,1000,13,10.0,1.0,10,7.545457923784852,2,1000,1000,13322.275626935698,0.9002782782782783,0.0,8.569297922535536e-13,0.499518308537575
25,dp-means++,0.015848931924611134,0,1000,13,10.0,1.0,10,7.5449278093874454,2,1000,1000,13322.275626935698,0.9002782782782783,0.0,8.569297922535536e-13,0.499518308537575
26,dp-means++,0.03162277660168379,0,1000,13,10.0,1.0,10,7.533208228647709,2,1000,1000,13322.275626935698,0.9002782782782783,0.0,8.569297922535536e-13,0.499518308537575
27,dp-means++,0.0630957344480193,0,1000,13,10.0,1.0,10,7.541125200688839,2,1000,1000,13322.275626935698,0.9002782782782783,0.0,8.569297922535536e-13,0.499518308537575
28,dp-means++,0.12589254117941676,0,1000,13,10.0,1.0,10,7.536064937710762,2,1000,1000,13322.275626935698,0.9002782782782783,0.0,8.569297922535536e-13,0.499518308537575
29,dp-means++,0.25118864315095796,0,1000,13,10.0,1.0,10,7.550260026007891,2,1000,1000,13322.275626935698,0.9002782782782783,0.0,8.569297922535536e-13,0.499518308537575
30,dp-means++,0.501187233627272,0,1000,13,10.0,1.0,10,7.577907122671604,2,1000,1000,13322.275626935698,0.9002782782782783,0.0,8.569297922535536e-13,0.499518308537575
31,dp-means++,1.0,0,1000,13,10.0,1.0,10,7.542390063405037,2,1000,1000,13322.275626935698,0.9002782782782783,0.0,8.569297922535536e-13,0.499518308537575
32,dp-means++,1.9952623149688788,0,1000,13,10.0,1.0,10,7.57960700802505,2,1000,1000,13322.275626935698,0.9002782782782783,0.0,8.569297922535536e-13,0.499518308537575
33,dp-means++,3.981071705534969,0,1000,13,10.0,1.0,10,6.340405110269785,2,908,908,13601.252131337324,0.9004724724724724,0.0035008758912406677,0.04957542905726884,0.5066807334630656
34,dp-means++,7.943282347242813,0,1000,13,10.0,1.0,10,0.4054032601416111,6,14,14,26900.412693614766,0.981951951951952,0.8906881924725375,0.9468330750348956,0.9481783719540017
35,dp-means++,15.848931924611142,0,1000,13,10.0,1.0,10,0.28459141589701176,4,11,11,36050.27661136781,0.9534894894894895,0.7584167971942132,0.8911259472335712,0.8933784890672226
36,dp-means++,31.622776601683793,0,1000,13,10.0,1.0,10,0.1523625310510397,2,1,1,141300.38329151005,0.09972172172172172,0.0,-1.6685003805527143e-16,0.0
37,dp-means++,63.0957344480193,0,1000,13,10.0,1.0,10,0.1534023154526949,2,1,1,141300.38329151005,0.09972172172172172,0.0,-1.6685003805527143e-16,0.0
38,dp-means++,125.89254117941663,0,1000,13,10.0,1.0,10,0.15639772824943066,2,1,1,141300.38329151005,0.09972172172172172,0.0,-1.6685003805527143e-16,0.0
39,dp-means++,251.18864315095772,0,1000,13,10.0,1.0,10,0.15336913987994194,2,1,1,141300.38329151005,0.09972172172172172,0.0,-1.6685003805527143e-16,0.0
40,dp-means++,501.18723362727246,0,1000,13,10.0,1.0,10,0.15371506288647652,2,1,1,141300.38329151005,0.09972172172172172,0.0,-1.6685003805527143e-16,0.0
41,dp-means++,1000.0,0,1000,13,10.0,1.0,10,0.15323199145495892,2,1,1,141300.38329151005,0.09972172172172172,0.0,-1.6685003805527143e-16,0.0
42,dp-means,0.001,1,1000,13,10.0,1.0,10,0.39938887022435665,2,1000,1000,10097.236516702145,0.9005945945945946,0.0,1.6164445654856064e-12,0.49974953337582795
43,dp-means,0.001995262314968879,1,1000,13,10.0,1.0,10,0.3980279602110386,2,1000,1000,10097.236516702145,0.9005945945945946,0.0,1.6164445654856064e-12,0.49974953337582795
44,dp-means,0.003981071705534973,1,1000,13,10.0,1.0,10,0.3963603526353836,2,1000,1000,10097.236516702145,0.9005945945945946,0.0,1.6164445654856064e-12,0.49974953337582795
45,dp-means,0.007943282347242814,1,1000,13,10.0,1.0,10,0.39692850038409233,2,1000,1000,10097.236516702145,0.9005945945945946,0.0,1.6164445654856064e-12,0.49974953337582795
46,dp-means,0.015848931924611134,1,1000,13,10.0,1.0,10,0.396181033924222,2,1000,1000,10097.236516702145,0.9005945945945946,0.0,1.6164445654856064e-12,0.49974953337582795
47,dp-means,0.03162277660168379,1,1000,13,10.0,1.0,10,0.39541561156511307,2,1000,1000,10097.236516702145,0.9005945945945946,0.0,1.6164445654856064e-12,0.49974953337582795
48,dp-means,0.0630957344480193,1,1000,13,10.0,1.0,10,0.39780513010919094,2,1000,1000,10097.236516702145,0.9005945945945946,0.0,1.6164445654856064e-12,0.49974953337582795
49,dp-means,0.12589254117941676,1,1000,13,10.0,1.0,10,0.3979515116661787,2,1000,1000,10097.236516702145,0.9005945945945946,0.0,1.6164445654856064e-12,0.49974953337582795
50,dp-means,0.25118864315095796,1,1000,13,10.0,1.0,10,0.3965674974024296,2,1000,1000,10097.236516702145,0.9005945945945946,0.0,1.6164445654856064e-12,0.49974953337582795
51,dp-means,0.501187233627272,1,1000,13,10.0,1.0,10,0.3974423464387655,2,1000,1000,10097.236516702145,0.9005945945945946,0.0,1.6164445654856064e-12,0.49974953337582795
52,dp-means,1.0,1,1000,13,10.0,1.0,10,0.39782911352813244,2,1000,1000,10097.236516702145,0.9005945945945946,0.0,1.6164445654856064e-12,0.49974953337582795
53,dp-means,1.9952623149688788,1,1000,13,10.0,1.0,10,0.39481325075030327,2,991,991,10111.286601988162,0.9006126126126126,0.00032643241889870704,0.004867716387404474,0.5004275432247377
54,dp-means,3.981071705534969,1,1000,13,10.0,1.0,10,0.6286368183791637,6,293,295,14240.322639234648,0.9059839839839839,0.09358849437529572,0.4493023452264238,0.6016420668613653
55,dp-means,7.943282347242813,1,1000,13,10.0,1.0,10,0.41531587578356266,6,11,11,23203.85030075744,0.9945665665665666,0.9688975544565018,0.9842906459618815,0.9846015043081608
56,dp-means,15.848931924611142,1,1000,13,10.0,1.0,10,0.3193039149045944,5,6,6,58253.302461038365,0.8835915915915916,0.554579663339076,0.7861090196445099,0.7885609774918968
57,dp-means,31.622776601683793,1,1000,13,10.0,1.0,10,0.14274120144546032,2,1,1,129656.44669500063,0.0994054054054054,0.0,2.9180749478194673e-16,0.0
58,dp-means,63.0957344480193,1,1000,13,10.0,1.0,10,0.19225329160690308,2,1,1,129656.44669500063,0.0994054054054054,0.0,2.9180749478194673e-16,0.0
59,dp-means,125.89254117941663,1,1000,13,10.0,1.0,10,0.19184864684939384,2,1,1,129656.44669500063,0.0994054054054054,0.0,2.9180749478194673e-16,0.0
60,dp-means,251.18864315095772,1,1000,13,10.0,1.0,10,0.19187037646770477,2,1,1,129656.44669500063,0.0994054054054054,0.0,2.9180749478194673e-16,0.0
61,dp-means,501.18723362727246,1,1000,13,10.0,1.0,10,0.19157091341912746,2,1,1,129656.44669500063,0.0994054054054054,0.0,2.9180749478194673e-16,0.0
62,dp-means,1000.0,1,1000,13,10.0,1.0,10,0.19198361784219742,2,1,1,129656.44669500063,0.0994054054054054,0.0,2.9180749478194673e-16,0.0
63,dp-means++,0.001,1,1000,13,10.0,1.0,10,7.567967562004924,2,1000,1000,10097.236516702145,0.9005945945945946,0.0,1.6164445654856064e-12,0.49974953337582795
64,dp-means++,0.001995262314968879,1,1000,13,10.0,1.0,10,7.601987076923251,2,1000,1000,10097.236516702145,0.9005945945945946,0.0,1.6164445654856064e-12,0.49974953337582795
65,dp-means++,0.003981071705534973,1,1000,13,10.0,1.0,10,7.589698476716876,2,1000,1000,10097.236516702145,0.9005945945945946,0.0,1.6164445654856064e-12,0.49974953337582795
66,dp-means++,0.007943282347242814,1,1000,13,10.0,1.0,10,7.200415348634124,2,1000,1000,10097.236516702145,0.9005945945945946,0.0,1.6164445654856064e-12,0.49974953337582795
67,dp-means++,0.015848931924611134,1,1000,13,10.0,1.0,10,7.428784115239978,2,1000,1000,10097.236516702145,0.9005945945945946,0.0,1.6164445654856064e-12,0.49974953337582795
68,dp-means++,0.03162277660168379,1,1000,13,10.0,1.0,10,7.144209932535887,2,1000,1000,10097.236516702145,0.9005945945945946,0.0,1.6164445654856064e-12,0.49974953337582795
69,dp-means++,0.0630957344480193,1,1000,13,10.0,1.0,10,7.155554059892893,2,1000,1000,10097.236516702145,0.9005945945945946,0.0,1.6164445654856064e-12,0.49974953337582795
70,dp-means++,0.12589254117941676,1,1000,13,10.0,1.0,10,7.176304895430803,2,1000,1000,10097.236516702145,0.9005945945945946,0.0,1.6164445654856064e-12,0.49974953337582795
71,dp-means++,0.25118864315095796,1,1000,13,10.0,1.0,10,7.146933704614639,2,1000,1000,10097.236516702145,0.9005945945945946,0.0,1.6164445654856064e-12,0.49974953337582795
72,dp-means++,0.501187233627272,1,1000,13,10.0,1.0,10,7.137413367629051,2,1000,1000,10097.236516702145,0.9005945945945946,0.0,1.6164445654856064e-12,0.49974953337582795
73,dp-means++,1.0,1,1000,13,10.0,1.0,10,7.120167495682836,2,1000,1000,10097.236516702145,0.9005945945945946,0.0,1.6164445654856064e-12,0.49974953337582795
74,dp-means++,1.9952623149688788,1,1000,13,10.0,1.0,10,7.160061974078417,2,999,999,10099.658944812538,0.9005965965965966,3.627495067953329e-05,0.0005419003384426393,0.499824777062988
75,dp-means++,3.981071705534969,1,1000,13,10.0,1.0,10,5.935740487650037,2,903,903,10387.545095289739,0.9008028028028028,0.0037663353829122926,0.052452032147307336,0.5073497413346133
76,dp-means++,7.943282347242813,1,1000,13,10.0,1.0,10,0.3418223112821579,5,12,12,23114.232700214612,0.9944884884884885,0.9684393130136888,0.9819712156287618,0.9823622900808661
77,dp-means++,15.848931924611142,1,1000,13,10.0,1.0,10,0.34129740484058857,5,11,11,32565.639288539962,0.9726386386386386,0.8575952938199691,0.9488628165000123,0.949903083885681
78,dp-means++,31.622776601683793,1,1000,13,10.0,1.0,10,0.15235710702836514,2,1,1,129656.44669500063,0.0994054054054054,0.0,2.9180749478194673e-16,0.0
79,dp-means++,63.0957344480193,1,1000,13,10.0,1.0,10,0.15323047526180744,2,1,1,129656.44669500063,0.0994054054054054,0.0,2.9180749478194673e-16,0.0
80,dp-means++,125.89254117941663,1,1000,13,10.0,1.0,10,0.15338960103690624,2,1,1,129656.44669500063,0.0994054054054054,0.0,2.9180749478194673e-16,0.0
81,dp-means++,251.18864315095772,1,1000,13,10.0,1.0,10,0.15283231250941753,2,1,1,129656.44669500063,0.0994054054054054,0.0,2.9180749478194673e-16,0.0
82,dp-means++,501.18723362727246,1,1000,13,10.0,1.0,10,0.15300189144909382,2,1,1,129656.44669500063,0.0994054054054054,0.0,2.9180749478194673e-16,0.0
83,dp-means++,1000.0,1,1000,13,10.0,1.0,10,0.1526766549795866,2,1,1,129656.44669500063,0.0994054054054054,0.0,2.9180749478194673e-16,0.0
84,dp-means,0.001,2,1000,13,10.0,1.0,10,0.3936399854719639,2,1000,1000,14496.340287287516,0.9006906906906907,0.0,1.3254515506690315e-12,0.49982691617150254
85,dp-means,0.001995262314968879,2,1000,13,10.0,1.0,10,0.3893880005925894,2,1000,1000,14496.340287287516,0.9006906906906907,0.0,1.3254515506690315e-12,0.49982691617150254
86,dp-means,0.003981071705534973,2,1000,13,10.0,1.0,10,0.38926600478589535,2,1000,1000,14496.340287287516,0.9006906906906907,0.0,1.3254515506690315e-12,0.49982691617150254
87,dp-means,0.007943282347242814,2,1000,13,10.0,1.0,10,0.39112215861678123,2,1000,1000,14496.340287287516,0.9006906906906907,0.0,1.3254515506690315e-12,0.49982691617150254
88,dp-means,0.015848931924611134,2,1000,13,10.0,1.0,10,0.3900937233120203,2,1000,1000,14496.340287287516,0.9006906906906907,0.0,1.3254515506690315e-12,0.49982691617150254
89,dp-means,0.03162277660168379,2,1000,13,10.0,1.0,10,0.3922465369105339,2,1000,1000,14496.340287287516,0.9006906906906907,0.0,1.3254515506690315e-12,0.49982691617150254
90,dp-means,0.0630957344480193,2,1000,13,10.0,1.0,10,0.3905877396464348,2,1000,1000,14496.340287287516,0.9006906906906907,0.0,1.3254515506690315e-12,0.49982691617150254
91,dp-means,0.12589254117941676,2,1000,13,10.0,1.0,10,0.39004628360271454,2,1000,1000,14496.340287287516,0.9006906906906907,0.0,1.3254515506690315e-12,0.49982691617150254
92,dp-means,0.25118864315095796,2,1000,13,10.0,1.0,10,0.39091901294887066,2,1000,1000,14496.340287287516,0.9006906906906907,0.0,1.3254515506690315e-12,0.49982691617150254
93,dp-means,0.501187233627272,2,1000,13,10.0,1.0,10,0.3919265437871218,2,1000,1000,14496.340287287516,0.9006906906906907,0.0,1.3254515506690315e-12,0.49982691617150254
94,dp-means,1.0,2,1000,13,10.0,1.0,10,0.3905512895435095,2,1000,1000,14496.340287287516,0.9006906906906907,0.0,1.3254515506690315e-12,0.49982691617150254
95,dp-means,1.9952623149688788,2,1000,13,10.0,1.0,10,0.3887253385037184,2,995,995,14505.512634128356,0.9007007007007007,0.00018155789580324985,0.0027074586630559732,0.5002034001771518
96,dp-means,3.981071705534969,2,1000,13,10.0,1.0,10,0.5233431588858366,5,287,288,19052.5655287511,0.9068608608608608,0.10661301235863767,0.4594541400182475,0.6063594958836789
97,dp-means,7.943282347242813,2,1000,13,10.0,1.0,10,0.4701297115534544,7,13,13,28543.76804235991,0.9857117117117117,0.9146680396984124,0.9573661942981812,0.9583622802877709
98,dp-means,15.848931924611142,2,1000,13,10.0,1.0,10,0.5371400248259306,9,6,6,58384.193370831694,0.8937157157157157,0.5826847664912076,0.8000288695466353,0.8023049872247204
99,dp-means,31.622776601683793,2,1000,13,10.0,1.0,10,0.14286789670586586,2,1,1,132089.73045169227,0.09930930930930931,0.0,2.338609055478851e-16,0.0
100,dp-means,63.0957344480193,2,1000,13,10.0,1.0,10,0.19279239140450954,2,1,1,132089.73045169227,0.09930930930930931,0.0,2.338609055478851e-16,0.0
101,dp-means,125.89254117941663,2,1000,13,10.0,1.0,10,0.19229366444051266,2,1,1,132089.73045169227,0.09930930930930931,0.0,2.338609055478851e-16,0.0
102,dp-means,251.18864315095772,2,1000,13,10.0,1.0,10,0.19181794859468937,2,1,1,132089.73045169227,0.09930930930930931,0.0,2.338609055478851e-16,0.0
103,dp-means,501.18723362727246,2,1000,13,10.0,1.0,10,0.19137495011091232,2,1,1,132089.73045169227,0.09930930930930931,0.0,2.338609055478851e-16,0.0
104,dp-means,1000.0,2,1000,13,10.0,1.0,10,0.19213800132274628,2,1,1,132089.73045169227,0.09930930930930931,0.0,2.338609055478851e-16,0.0
105,dp-means++,0.001,2,1000,13,10.0,1.0,10,7.153931083157659,2,1000,1000,14496.340287287516,0.9006906906906907,0.0,1.3254515506690315e-12,0.49982691617150254
106,dp-means++,0.001995262314968879,2,1000,13,10.0,1.0,10,7.142388420179486,2,1000,1000,14496.340287287516,0.9006906906906907,0.0,1.3254515506690315e-12,0.49982691617150254
107,dp-means++,0.003981071705534973,2,1000,13,10.0,1.0,10,7.15067121013999,2,1000,1000,14496.340287287516,0.9006906906906907,0.0,1.3254515506690315e-12,0.49982691617150254
108,dp-means++,0.007943282347242814,2,1000,13,10.0,1.0,10,7.148759547621012,2,1000,1000,14496.340287287516,0.9006906906906907,0.0,1.3254515506690315e-12,0.49982691617150254
109,dp-means++,0.015848931924611134,2,1000,13,10.0,1.0,10,7.147920724004507,2,1000,1000,14496.340287287516,0.9006906906906907,0.0,1.3254515506690315e-12,0.49982691617150254
110,dp-means++,0.03162277660168379,2,1000,13,10.0,1.0,10,7.169091075658798,2,1000,1000,14496.340287287516,0.9006906906906907,0.0,1.3254515506690315e-12,0.49982691617150254
111,dp-means++,0.0630957344480193,2,1000,13,10.0,1.0,10,7.150116819888353,2,1000,1000,14496.340287287516,0.9006906906906907,0.0,1.3254515506690315e-12,0.49982691617150254
112,dp-means++,0.12589254117941676,2,1000,13,10.0,1.0,10,7.143388574942946,2,1000,1000,14496.340287287516,0.9006906906906907,0.0,1.3254515506690315e-12,0.49982691617150254
113,dp-means++,0.25118864315095796,2,1000,13,10.0,1.0,10,7.143440267071128,2,1000,1000,14496.340287287516,0.9006906906906907,0.0,1.3254515506690315e-12,0.49982691617150254
114,dp-means++,0.501187233627272,2,1000,13,10.0,1.0,10,7.142895236611366,2,1000,1000,14496.340287287516,0.9006906906906907,0.0,1.3254515506690315e-12,0.49982691617150254
115,dp-means++,1.0,2,1000,13,10.0,1.0,10,7.130414262413979,2,1000,1000,14496.340287287516,0.9006906906906907,0.0,1.3254515506690315e-12,0.49982691617150254
116,dp-means++,1.9952623149688788,2,1000,13,10.0,1.0,10,7.124141421169043,2,1000,1000,14496.340287287516,0.9006906906906907,0.0,1.3254515506690315e-12,0.49982691617150254
117,dp-means++,3.981071705534969,2,1000,13,10.0,1.0,10,5.527958145365119,2,869,869,14948.492648267731,0.9009889889889889,0.005397868941179411,0.071616335522863,0.5103933939201647
118,dp-means++,7.943282347242813,2,1000,13,10.0,1.0,10,0.48572870902717113,7,24,24,27681.37426806531,0.9537297297297297,0.673725210353489,0.8571515686351163,0.8631642074501301
119,dp-means++,15.848931924611142,2,1000,13,10.0,1.0,10,0.38338049314916134,6,6,6,53955.12167365558,0.8621321321321321,0.4973021236481409,0.7536376378976508,0.7564995109510706
120,dp-means++,31.622776601683793,2,1000,13,10.0,1.0,10,0.1519073899835348,2,1,1,132089.73045169227,0.09930930930930931,0.0,2.338609055478851e-16,0.0
121,dp-means++,63.0957344480193,2,1000,13,10.0,1.0,10,0.15298226289451122,2,1,1,132089.73045169227,0.09930930930930931,0.0,2.338609055478851e-16,0.0
122,dp-means++,125.89254117941663,2,1000,13,10.0,1.0,10,0.15304103679955006,2,1,1,132089.73045169227,0.09930930930930931,0.0,2.338609055478851e-16,0.0
123,dp-means++,251.18864315095772,2,1000,13,10.0,1.0,10,0.1531993057578802,2,1,1,132089.73045169227,0.09930930930930931,0.0,2.338609055478851e-16,0.0
124,dp-means++,501.18723362727246,2,1000,13,10.0,1.0,10,0.15353140607476234,2,1,1,132089.73045169227,0.09930930930930931,0.0,2.338609055478851e-16,0.0
125,dp-means++,1000.0,2,1000,13,10.0,1.0,10,0.15300601720809937,2,1,1,132089.73045169227,0.09930930930930931,0.0,2.338609055478851e-16,0.0
126,dp-means,0.001,3,1000,13,10.0,1.0,10,0.3963273074477911,2,1000,1000,11103.956320704383,0.8993493493493494,0.0,8.81241500990042e-13,0.49871901217525133
127,dp-means,0.001995262314968879,3,1000,13,10.0,1.0,10,0.3930554408580065,2,1000,1000,11103.956320704383,0.8993493493493494,0.0,8.81241500990042e-13,0.49871901217525133
128,dp-means,0.003981071705534973,3,1000,13,10.0,1.0,10,0.3918811846524477,2,1000,1000,11103.956320704383,0.8993493493493494,0.0,8.81241500990042e-13,0.49871901217525133
129,dp-means,0.007943282347242814,3,1000,13,10.0,1.0,10,0.39166085980832577,2,1000,1000,11103.956320704383,0.8993493493493494,0.0,8.81241500990042e-13,0.49871901217525133
130,dp-means,0.015848931924611134,3,1000,13,10.0,1.0,10,0.39399856328964233,2,1000,1000,11103.956320704383,0.8993493493493494,0.0,8.81241500990042e-13,0.49871901217525133
131,dp-means,0.03162277660168379,3,1000,13,10.0,1.0,10,0.3949312847107649,2,1000,1000,11103.956320704383,0.8993493493493494,0.0,8.81241500990042e-13,0.49871901217525133
132,dp-means,0.0630957344480193,3,1000,13,10.0,1.0,10,0.3957506325095892,2,1000,1000,11103.956320704383,0.8993493493493494,0.0,8.81241500990042e-13,0.49871901217525133
133,dp-means,0.12589254117941676,3,1000,13,10.0,1.0,10,0.3955004960298538,2,1000,1000,11103.956320704383,0.8993493493493494,0.0,8.81241500990042e-13,0.49871901217525133
134,dp-means,0.25118864315095796,3,1000,13,10.0,1.0,10,0.3976921886205673,2,1000,1000,11103.956320704383,0.8993493493493494,0.0,8.81241500990042e-13,0.49871901217525133
135,dp-means,0.501187233627272,3,1000,13,10.0,1.0,10,0.3936706483364105,2,1000,1000,11103.956320704383,0.8993493493493494,0.0,8.81241500990042e-13,0.49871901217525133
136,dp-means,1.0,3,1000,13,10.0,1.0,10,0.39414418302476406,2,1000,1000,11103.956320704383,0.8993493493493494,0.0,8.81241500990042e-13,0.49871901217525133
137,dp-means,1.9952623149688788,3,1000,13,10.0,1.0,10,0.3931570556014776,2,988,988,11122.266757939342,0.8993753753753754,0.0004650075558626812,0.0066371592753999105,0.4996506517360436
138,dp-means,3.981071705534969,3,1000,13,10.0,1.0,10,0.6292317975312471,6,299,299,15042.009485719098,0.9056256256256257,0.10684038960066895,0.45098436520267016,0.6030177090354946
139,dp-means,7.943282347242813,3,1000,13,10.0,1.0,10,0.1804823074489832,2,10,10,24609.746474352512,1.0,1.0,1.0,1.0
140,dp-means,15.848931924611142,3,1000,13,10.0,1.0,10,0.3180982153862715,5,6,6,63237.39310139779,0.8695795795795795,0.5283308578258119,0.7960428038416865,0.7984171974343698
141,dp-means,31.622776601683793,3,1000,13,10.0,1.0,10,0.14395838417112827,2,1,1,175844.69741985234,0.10065065065065065,0.0,-6.347653055692853e-17,0.0
142,dp-means,63.0957344480193,3,1000,13,10.0,1.0,10,0.19227981194853783,2,1,1,175844.69741985234,0.10065065065065065,0.0,-6.347653055692853e-17,0.0
143,dp-means,125.89254117941663,3,1000,13,10.0,1.0,10,0.1911734826862812,2,1,1,175844.69741985234,0.10065065065065065,0.0,-6.347653055692853e-17,0.0
144,dp-means,251.18864315095772,3,1000,13,10.0,1.0,10,0.19200905598700047,2,1,1,175844.69741985234,0.10065065065065065,0.0,-6.347653055692853e-17,0.0
145,dp-means,501.18723362727246,3,1000,13,10.0,1.0,10,0.19161918945610523,2,1,1,175844.69741985234,0.10065065065065065,0.0,-6.347653055692853e-17,0.0
146,dp-means,1000.0,3,1000,13,10.0,1.0,10,0.19166935607790947,2,1,1,175844.69741985234,0.10065065065065065,0.0,-6.347653055692853e-17,0.0
147,dp-means++,0.001,3,1000,13,10.0,1.0,10,7.141677726060152,2,1000,1000,11103.956320704383,0.8993493493493494,0.0,8.81241500990042e-13,0.49871901217525133
148,dp-means++,0.001995262314968879,3,1000,13,10.0,1.0,10,7.138468230143189,2,1000,1000,11103.956320704383,0.8993493493493494,0.0,8.81241500990042e-13,0.49871901217525133
149,dp-means++,0.003981071705534973,3,1000,13,10.0,1.0,10,7.1364485286176205,2,1000,1000,11103.956320704383,0.8993493493493494,0.0,8.81241500990042e-13,0.49871901217525133
150,dp-means++,0.007943282347242814,3,1000,13,10.0,1.0,10,7.135167371481657,2,1000,1000,11103.956320704383,0.8993493493493494,0.0,8.81241500990042e-13,0.49871901217525133
151,dp-means++,0.015848931924611134,3,1000,13,10.0,1.0,10,7.142191139981151,2,1000,1000,11103.956320704383,0.8993493493493494,0.0,8.81241500990042e-13,0.49871901217525133
152,dp-means++,0.03162277660168379,3,1000,13,10.0,1.0,10,7.134138774126768,2,1000,1000,11103.956320704383,0.8993493493493494,0.0,8.81241500990042e-13,0.49871901217525133
153,dp-means++,0.0630957344480193,3,1000,13,10.0,1.0,10,7.119680467993021,2,1000,1000,11103.956320704383,0.8993493493493494,0.0,8.81241500990042e-13,0.49871901217525133
154,dp-means++,0.12589254117941676,3,1000,13,10.0,1.0,10,7.134889064356685,2,1000,1000,11103.956320704383,0.8993493493493494,0.0,8.81241500990042e-13,0.49871901217525133
155,dp-means++,0.25118864315095796,3,1000,13,10.0,1.0,10,7.125379864126444,2,1000,1000,11103.956320704383,0.8993493493493494,0.0,8.81241500990042e-13,0.49871901217525133
156,dp-means++,0.501187233627272,3,1000,13,10.0,1.0,10,7.131967363879085,2,1000,1000,11103.956320704383,0.8993493493493494,0.0,8.81241500990042e-13,0.49871901217525133
157,dp-means++,1.0,3,1000,13,10.0,1.0,10,7.137319283559918,2,1000,1000,11103.956320704383,0.8993493493493494,0.0,8.81241500990042e-13,0.49871901217525133
158,dp-means++,1.9952623149688788,3,1000,13,10.0,1.0,10,7.136953180655837,2,1000,1000,11103.956320704383,0.8993493493493494,0.0,8.81241500990042e-13,0.49871901217525133
159,dp-means++,3.981071705534969,3,1000,13,10.0,1.0,10,5.8058620020747185,2,891,891,11435.002859152708,0.8995915915915916,0.0043207354685471586,0.05929536989245976,0.5073864535256466
160,dp-means++,7.943282347242813,3,1000,13,10.0,1.0,10,0.5831025931984186,9,17,17,23753.534241082154,0.9804984984984985,0.8821407808500897,0.9334336713783007,0.9355213558620532
161,dp-means++,15.848931924611142,3,1000,13,10.0,1.0,10,0.5150826554745436,8,13,13,28424.536583147757,0.9656716716716717,0.8153425393919946,0.9216460676534507,0.9235694051385946
162,dp-means++,31.622776601683793,3,1000,13,10.0,1.0,10,0.15203637070953846,2,1,1,175844.69741985234,0.10065065065065065,0.0,-6.347653055692853e-17,0.0
163,dp-means++,63.0957344480193,3,1000,13,10.0,1.0,10,0.1532208677381277,2,1,1,175844.69741985234,0.10065065065065065,0.0,-6.347653055692853e-17,0.0
164,dp-means++,125.89254117941663,3,1000,13,10.0,1.0,10,0.1530409026890993,2,1,1,175844.69741985234,0.10065065065065065,0.0,-6.347653055692853e-17,0.0
165,dp-means++,251.18864315095772,3,1000,13,10.0,1.0,10,0.15252024680376053,2,1,1,175844.69741985234,0.10065065065065065,0.0,-6.347653055692853e-17,0.0
166,dp-means++,501.18723362727246,3,1000,13,10.0,1.0,10,0.1540432684123516,2,1,1,175844.69741985234,0.10065065065065065,0.0,-6.347653055692853e-17,0.0
167,dp-means++,1000.0,3,1000,13,10.0,1.0,10,0.1530204899609089,2,1,1,175844.69741985234,0.10065065065065065,0.0,-6.347653055692853e-17,0.0
168,dp-means,0.001,4,1000,13,10.0,1.0,10,0.3927949592471123,2,1000,1000,19680.709241078224,0.899923923923924,0.0,5.633260023682883e-13,0.4991838205790619
169,dp-means,0.001995262314968879,4,1000,13,10.0,1.0,10,0.3905008640140295,2,1000,1000,19680.709241078224,0.899923923923924,0.0,5.633260023682883e-13,0.4991838205790619
170,dp-means,0.003981071705534973,4,1000,13,10.0,1.0,10,0.3908851146697998,2,1000,1000,19680.709241078224,0.899923923923924,0.0,5.633260023682883e-13,0.4991838205790619
171,dp-means,0.007943282347242814,4,1000,13,10.0,1.0,10,0.3895728960633278,2,1000,1000,19680.709241078224,0.899923923923924,0.0,5.633260023682883e-13,0.4991838205790619
172,dp-means,0.015848931924611134,4,1000,13,10.0,1.0,10,0.39162557385861874,2,1000,1000,19680.709241078224,0.899923923923924,0.0,5.633260023682883e-13,0.4991838205790619
173,dp-means,0.03162277660168379,4,1000,13,10.0,1.0,10,0.39036080427467823,2,1000,1000,19680.709241078224,0.899923923923924,0.0,5.633260023682883e-13,0.4991838205790619
174,dp-means,0.0630957344480193,4,1000,13,10.0,1.0,10,0.3922998979687691,2,1000,1000,19680.709241078224,0.899923923923924,0.0,5.633260023682883e-13,0.4991838205790619
175,dp-means,0.12589254117941676,4,1000,13,10.0,1.0,10,0.3898879438638687,2,1000,1000,19680.709241078224,0.899923923923924,0.0,5.633260023682883e-13,0.4991838205790619
176,dp-means,0.25118864315095796,4,1000,13,10.0,1.0,10,0.3888897355645895,2,1000,1000,19680.709241078224,0.899923923923924,0.0,5.633260023682883e-13,0.4991838205790619
177,dp-means,0.501187233627272,4,1000,13,10.0,1.0,10,0.39052026718854904,2,1000,1000,19680.709241078224,0.899923923923924,0.0,5.633260023682883e-13,0.4991838205790619
178,dp-means,1.0,4,1000,13,10.0,1.0,10,0.3911683540791273,2,1000,1000,19680.709241078224,0.899923923923924,0.0,5.633260023682883e-13,0.4991838205790619
179,dp-means,1.9952623149688788,4,1000,13,10.0,1.0,10,0.3913085274398327,2,994,994,19684.06761669562,0.899937937937938,0.00025201096146992824,0.003412758041031118,0.4996637092142243
180,dp-means,3.981071705534969,4,1000,13,10.0,1.0,10,0.44393779523670673,4,315,315,23716.63242077142,0.9051711711711712,0.0905722461944155,0.4338889912098937,0.5962386826613679
181,dp-means,7.943282347242813,4,1000,13,10.0,1.0,10,0.4132443964481354,6,13,13,36473.100501245026,0.9882502502502503,0.9313095302589965,0.963324930443281,0.9641986937995716
182,dp-means,15.848931924611142,4,1000,13,10.0,1.0,10,0.26225751638412476,4,6,6,61632.114303576076,0.858976976976977,0.5159074409451144,0.8088415935773134,0.8110885834170016
183,dp-means,31.622776601683793,4,1000,13,10.0,1.0,10,0.14185444451868534,2,1,1,160924.38579384724,0.10007607607607608,0.0,-1.5462875778670147e-16,0.0
184,dp-means,63.0957344480193,4,1000,13,10.0,1.0,10,0.19160769134759903,2,1,1,160924.38579384724,0.10007607607607608,0.0,-1.5462875778670147e-16,0.0
185,dp-means,125.89254117941663,4,1000,13,10.0,1.0,10,0.19141248427331448,2,1,1,160924.38579384724,0.10007607607607608,0.0,-1.5462875778670147e-16,0.0
186,dp-means,251.18864315095772,4,1000,13,10.0,1.0,10,0.19115528836846352,2,1,1,160924.38579384724,0.10007607607607608,0.0,-1.5462875778670147e-16,0.0
187,dp-means,501.18723362727246,4,1000,13,10.0,1.0,10,0.19214178435504436,2,1,1,160924.38579384724,0.10007607607607608,0.0,-1.5462875778670147e-16,0.0
188,dp-means,1000.0,4,1000,13,10.0,1.0,10,0.19145856611430645,2,1,1,160924.38579384724,0.10007607607607608,0.0,-1.5462875778670147e-16,0.0
189,dp-means++,0.001,4,1000,13,10.0,1.0,10,7.1271416414529085,2,1000,1000,19680.709241078224,0.899923923923924,0.0,5.633260023682883e-13,0.4991838205790619
190,dp-means++,0.001995262314968879,4,1000,13,10.0,1.0,10,7.152072152122855,2,1000,1000,19680.709241078224,0.899923923923924,0.0,5.633260023682883e-13,0.4991838205790619
191,dp-means++,0.003981071705534973,4,1000,13,10.0,1.0,10,7.1290106531232595,2,1000,1000,19680.709241078224,0.899923923923924,0.0,5.633260023682883e-13,0.4991838205790619
192,dp-means++,0.007943282347242814,4,1000,13,10.0,1.0,10,7.144643699750304,2,1000,1000,19680.709241078224,0.899923923923924,0.0,5.633260023682883e-13,0.4991838205790619
193,dp-means++,0.015848931924611134,4,1000,13,10.0,1.0,10,7.125475078821182,2,1000,1000,19680.709241078224,0.899923923923924,0.0,5.633260023682883e-13,0.4991838205790619
194,dp-means++,0.03162277660168379,4,1000,13,10.0,1.0,10,7.147234609350562,2,1000,1000,19680.709241078224,0.899923923923924,0.0,5.633260023682883e-13,0.4991838205790619
195,dp-means++,0.0630957344480193,4,1000,13,10.0,1.0,10,7.118793720379472,2,1000,1000,19680.709241078224,0.899923923923924,0.0,5.633260023682883e-13,0.4991838205790619
196,dp-means++,0.12589254117941676,4,1000,13,10.0,1.0,10,7.141686158254743,2,1000,1000,19680.709241078224,0.899923923923924,0.0,5.633260023682883e-13,0.4991838205790619
197,dp-means++,0.25118864315095796,4,1000,13,10.0,1.0,10,7.116047024726868,2,1000,1000,19680.709241078224,0.899923923923924,0.0,5.633260023682883e-13,0.4991838205790619
198,dp-means++,0.501187233627272,4,1000,13,10.0,1.0,10,7.1548862382769585,2,1000,1000,19680.709241078224,0.899923923923924,0.0,5.633260023682883e-13,0.4991838205790619
199,dp-means++,1.0,4,1000,13,10.0,1.0,10,7.1274073757231236,2,1000,1000,19680.709241078224,0.899923923923924,0.0,5.633260023682883e-13,0.4991838205790619
200,dp-means++,1.9952623149688788,4,1000,13,10.0,1.0,10,7.1435975674539804,2,999,999,19680.709241078224,0.8999259259259259,3.600502219149268e-05,0.0005410893933859977,0.4992590074358791
201,dp-means++,3.981071705534969,4,1000,13,10.0,1.0,10,5.995697407051921,2,908,908,19837.484007876556,0.9001301301301301,0.0037024746427489156,0.050446153045404396,0.5065080517019096
202,dp-means++,7.943282347242813,4,1000,13,10.0,1.0,10,0.7674013022333384,12,20,20,34358.16520476168,0.9632212212212212,0.7559539913284236,0.8891375485424765,0.8930958088260856
203,dp-means++,15.848931924611142,4,1000,13,10.0,1.0,10,0.2789351921528578,4,9,9,46306.28579989754,0.9303343343343343,0.6925884179544589,0.8976057386838123,0.8993592853370243
204,dp-means++,31.622776601683793,4,1000,13,10.0,1.0,10,0.15357454866170883,2,1,1,160924.38579384724,0.10007607607607608,0.0,-1.5462875778670147e-16,0.0
205,dp-means++,63.0957344480193,4,1000,13,10.0,1.0,10,0.153699092566967,2,1,1,160924.38579384724,0.10007607607607608,0.0,-1.5462875778670147e-16,0.0
206,dp-means++,125.89254117941663,4,1000,13,10.0,1.0,10,0.15319842100143433,2,1,1,160924.38579384724,0.10007607607607608,0.0,-1.5462875778670147e-16,0.0
207,dp-means++,251.18864315095772,4,1000,13,10.0,1.0,10,0.1532545443624258,2,1,1,160924.38579384724,0.10007607607607608,0.0,-1.5462875778670147e-16,0.0
208,dp-means++,501.18723362727246,4,1000,13,10.0,1.0,10,0.1533467322587967,2,1,1,160924.38579384724,0.10007607607607608,0.0,-1.5462875778670147e-16,0.0
209,dp-means++,1000.0,4,1000,13,10.0,1.0,10,0.15341344475746155,2,1,1,160924.38579384724,0.10007607607607608,0.0,-1.5462875778670147e-16,0.0
210,dp-means,0.001,5,1000,13,10.0,1.0,10,0.39072217233479023,2,1000,1000,13383.240737712067,0.9004984984984985,0.0,1.5486131620295263e-12,0.4996728558302545
211,dp-means,0.001995262314968879,5,1000,13,10.0,1.0,10,0.38872741535305977,2,1000,1000,13383.240737712067,0.9004984984984985,0.0,1.5486131620295263e-12,0.4996728558302545
212,dp-means,0.003981071705534973,5,1000,13,10.0,1.0,10,0.39112901873886585,2,1000,1000,13383.240737712067,0.9004984984984985,0.0,1.5486131620295263e-12,0.4996728558302545
213,dp-means,0.007943282347242814,5,1000,13,10.0,1.0,10,0.3900166731327772,2,1000,1000,13383.240737712067,0.9004984984984985,0.0,1.5486131620295263e-12,0.4996728558302545
214,dp-means,0.015848931924611134,5,1000,13,10.0,1.0,10,0.3902570568025112,2,1000,1000,13383.240737712067,0.9004984984984985,0.0,1.5486131620295263e-12,0.4996728558302545
215,dp-means,0.03162277660168379,5,1000,13,10.0,1.0,10,0.3896369654685259,2,1000,1000,13383.240737712067,0.9004984984984985,0.0,1.5486131620295263e-12,0.4996728558302545
216,dp-means,0.0630957344480193,5,1000,13,10.0,1.0,10,0.3901036363095045,2,1000,1000,13383.240737712067,0.9004984984984985,0.0,1.5486131620295263e-12,0.4996728558302545
217,dp-means,0.12589254117941676,5,1000,13,10.0,1.0,10,0.39021929167211056,2,1000,1000,13383.240737712067,0.9004984984984985,0.0,1.5486131620295263e-12,0.4996728558302545
218,dp-means,0.25118864315095796,5,1000,13,10.0,1.0,10,0.3917084913700819,2,1000,1000,13383.240737712067,0.9004984984984985,0.0,1.5486131620295263e-12,0.4996728558302545
219,dp-means,0.501187233627272,5,1000,13,10.0,1.0,10,0.3888474926352501,2,1000,1000,13383.240737712067,0.9004984984984985,0.0,1.5486131620295263e-12,0.4996728558302545
220,dp-means,1.0,5,1000,13,10.0,1.0,10,0.3907214719802141,2,1000,1000,13383.240737712067,0.9004984984984985,0.0,1.5486131620295263e-12,0.4996728558302545
221,dp-means,1.9952623149688788,5,1000,13,10.0,1.0,10,0.39021914079785347,2,985,985,13407.078717486114,0.9005285285285285,0.0005434181567831532,0.008099484894600061,0.500803779623621
222,dp-means,3.981071705534969,5,1000,13,10.0,1.0,10,0.5373890437185764,5,308,308,17099.969578314023,0.9056536536536537,0.08959133831179825,0.4332248744394245,0.5961610328158915
223,dp-means,7.943282347242813,5,1000,13,10.0,1.0,10,0.4140879586338997,6,12,12,27412.192017025627,0.9928508508508509,0.9587887000557207,0.9769265470898144,0.977434098779164
224,dp-means,15.848931924611142,5,1000,13,10.0,1.0,10,0.26466450467705727,4,8,8,41144.52524914484,0.9597497497497498,0.8060174473586798,0.9174094838140409,0.9186315049643103
225,dp-means,31.622776601683793,5,1000,13,10.0,1.0,10,0.1408654171973467,2,1,1,164330.17625874784,0.0995015015015015,0.0,-1.5211067878551323e-16,0.0
226,dp-means,63.0957344480193,5,1000,13,10.0,1.0,10,0.19268352538347244,2,1,1,164330.17625874784,0.0995015015015015,0.0,-1.5211067878551323e-16,0.0
227,dp-means,125.89254117941663,5,1000,13,10.0,1.0,10,0.19261408410966396,2,1,1,164330.17625874784,0.0995015015015015,0.0,-1.5211067878551323e-16,0.0
228,dp-means,251.18864315095772,5,1000,13,10.0,1.0,10,0.19177596271038055,2,1,1,164330.17625874784,0.0995015015015015,0.0,-1.5211067878551323e-16,0.0
229,dp-means,501.18723362727246,5,1000,13,10.0,1.0,10,0.19120405614376068,2,1,1,164330.17625874784,0.0995015015015015,0.0,-1.5211067878551323e-16,0.0
230,dp-means,1000.0,5,1000,13,10.0,1.0,10,0.19106297567486763,2,1,1,164330.17625874784,0.0995015015015015,0.0,-1.5211067878551323e-16,0.0
231,dp-means++,0.001,5,1000,13,10.0,1.0,10,7.113606568425894,2,1000,1000,13383.240737712067,0.9004984984984985,0.0,1.5486131620295263e-12,0.4996728558302545
232,dp-means++,0.001995262314968879,5,1000,13,10.0,1.0,10,7.103427903726697,2,1000,1000,13383.240737712067,0.9004984984984985,0.0,1.5486131620295263e-12,0.4996728558302545
233,dp-means++,0.003981071705534973,5,1000,13,10.0,1.0,10,7.118324315175414,2,1000,1000,13383.240737712067,0.9004984984984985,0.0,1.5486131620295263e-12,0.4996728558302545
234,dp-means++,0.007943282347242814,5,1000,13,10.0,1.0,10,7.147547855973244,2,1000,1000,13383.240737712067,0.9004984984984985,0.0,1.5486131620295263e-12,0.4996728558302545
235,dp-means++,0.015848931924611134,5,1000,13,10.0,1.0,10,7.121320845559239,2,1000,1000,13383.240737712067,0.9004984984984985,0.0,1.5486131620295263e-12,0.4996728558302545
236,dp-means++,0.03162277660168379,5,1000,13,10.0,1.0,10,7.1906902603805065,2,1000,1000,13383.240737712067,0.9004984984984985,0.0,1.5486131620295263e-12,0.4996728558302545
237,dp-means++,0.0630957344480193,5,1000,13,10.0,1.0,10,7.133194571360946,2,1000,1000,13383.240737712067,0.9004984984984985,0.0,1.5486131620295263e-12,0.4996728558302545
238,dp-means++,0.12589254117941676,5,1000,13,10.0,1.0,10,7.14099844917655,2,1000,1000,13383.240737712067,0.9004984984984985,0.0,1.5486131620295263e-12,0.4996728558302545
239,dp-means++,0.25118864315095796,5,1000,13,10.0,1.0,10,7.137929879128933,2,1000,1000,13383.240737712067,0.9004984984984985,0.0,1.5486131620295263e-12,0.4996728558302545
240,dp-means++,0.501187233627272,5,1000,13,10.0,1.0,10,7.139427814632654,2,1000,1000,13383.240737712067,0.9004984984984985,0.0,1.5486131620295263e-12,0.4996728558302545
241,dp-means++,1.0,5,1000,13,10.0,1.0,10,7.131323169916868,2,1000,1000,13383.240737712067,0.9004984984984985,0.0,1.5486131620295263e-12,0.4996728558302545
242,dp-means++,1.9952623149688788,5,1000,13,10.0,1.0,10,7.135090090334415,2,1000,1000,13383.240737712067,0.9004984984984985,0.0,1.5486131620295263e-12,0.4996728558302545
243,dp-means++,3.981071705534969,5,1000,13,10.0,1.0,10,4.553215745836496,3,761,761,14110.329895194554,0.9011551551551552,0.01182311749556815,0.13401972053472852,0.5207039084327142
244,dp-means++,7.943282347242813,5,1000,13,10.0,1.0,10,0.5275829304009676,8,19,19,26308.379582023234,0.9701281281281281,0.8076191024121526,0.9031388702533223,0.9064771989476694
245,dp-means++,15.848931924611142,5,1000,13,10.0,1.0,10,0.22054126113653183,3,8,8,45372.2342941095,0.9592992992992992,0.8078370364848687,0.9343949368747841,0.9353704750281997
246,dp-means++,31.622776601683793,5,1000,13,10.0,1.0,10,0.1518090944737196,2,1,1,164330.17625874784,0.0995015015015015,0.0,-1.5211067878551323e-16,0.0
247,dp-means++,63.0957344480193,5,1000,13,10.0,1.0,10,0.15289633348584175,2,1,1,164330.17625874784,0.0995015015015015,0.0,-1.5211067878551323e-16,0.0
248,dp-means++,125.89254117941663,5,1000,13,10.0,1.0,10,0.15291696600615978,2,1,1,164330.17625874784,0.0995015015015015,0.0,-1.5211067878551323e-16,0.0
249,dp-means++,251.18864315095772,5,1000,13,10.0,1.0,10,0.15244076773524284,2,1,1,164330.17625874784,0.0995015015015015,0.0,-1.5211067878551323e-16,0.0
250,dp-means++,501.18723362727246,5,1000,13,10.0,1.0,10,0.1530199833214283,2,1,1,164330.17625874784,0.0995015015015015,0.0,-1.5211067878551323e-16,0.0
251,dp-means++,1000.0,5,1000,13,10.0,1.0,10,0.1530215721577406,2,1,1,164330.17625874784,0.0995015015015015,0.0,-1.5211067878551323e-16,0.0
252,dp-means,0.001,6,1000,13,10.0,1.0,10,0.39730700477957726,2,1000,1000,10880.999968617605,0.9006226226226226,0.0,1.169379521824911e-12,0.49977568399022415
253,dp-means,0.001995262314968879,6,1000,13,10.0,1.0,10,0.3926815539598465,2,1000,1000,10880.999968617605,0.9006226226226226,0.0,1.169379521824911e-12,0.49977568399022415
254,dp-means,0.003981071705534973,6,1000,13,10.0,1.0,10,0.3941009119153023,2,1000,1000,10880.999968617605,0.9006226226226226,0.0,1.169379521824911e-12,0.49977568399022415
255,dp-means,0.007943282347242814,6,1000,13,10.0,1.0,10,0.39455705508589745,2,1000,1000,10880.999968617605,0.9006226226226226,0.0,1.169379521824911e-12,0.49977568399022415
256,dp-means,0.015848931924611134,6,1000,13,10.0,1.0,10,0.39693348854780197,2,1000,1000,10880.999968617605,0.9006226226226226,0.0,1.169379521824911e-12,0.49977568399022415
257,dp-means,0.03162277660168379,6,1000,13,10.0,1.0,10,0.39471297338604927,2,1000,1000,10880.999968617605,0.9006226226226226,0.0,1.169379521824911e-12,0.49977568399022415
258,dp-means,0.0630957344480193,6,1000,13,10.0,1.0,10,0.3965747132897377,2,1000,1000,10880.999968617605,0.9006226226226226,0.0,1.169379521824911e-12,0.49977568399022415
259,dp-means,0.12589254117941676,6,1000,13,10.0,1.0,10,0.3949743937700987,2,1000,1000,10880.999968617605,0.9006226226226226,0.0,1.169379521824911e-12,0.49977568399022415
260,dp-means,0.25118864315095796,6,1000,13,10.0,1.0,10,0.3931556884199381,2,1000,1000,10880.999968617605,0.9006226226226226,0.0,1.169379521824911e-12,0.49977568399022415
261,dp-means,0.501187233627272,6,1000,13,10.0,1.0,10,0.3959121126681566,2,1000,1000,10880.999968617605,0.9006226226226226,0.0,1.169379521824911e-12,0.49977568399022415
262,dp-means,1.0,6,1000,13,10.0,1.0,10,0.39247584715485573,2,1000,1000,10880.999968617605,0.9006226226226226,0.0,1.169379521824911e-12,0.49977568399022415
263,dp-means,1.9952623149688788,6,1000,13,10.0,1.0,10,0.39259883388876915,2,990,990,10889.699983648861,0.9006426426426426,0.00036281040011628486,0.0054076282325824995,0.5005291681189542
264,dp-means,3.981071705534969,6,1000,13,10.0,1.0,10,0.5317771788686514,5,300,301,14951.093101024959,0.9051631631631631,0.07939222666339313,0.4345975036449173,0.5953899414642424
265,dp-means,7.943282347242813,6,1000,13,10.0,1.0,10,0.41138957254588604,6,12,12,24024.29539726085,0.9914954954954955,0.9506094310941382,0.973225208697811,0.9738072024351546
266,dp-means,15.848931924611142,6,1000,13,10.0,1.0,10,0.2062305137515068,3,5,5,69180.58417781515,0.8455135135135136,0.4657275251671746,0.7207507591364443,0.7234281210895812
267,dp-means,31.622776601683793,6,1000,13,10.0,1.0,10,0.14296573773026466,2,1,1,155264.90889747403,0.09937737737737738,0.0,2.439278735338142e-16,0.0
268,dp-means,63.0957344480193,6,1000,13,10.0,1.0,10,0.19173653237521648,2,1,1,155264.90889747403,0.09937737737737738,0.0,2.439278735338142e-16,0.0
269,dp-means,125.89254117941663,6,1000,13,10.0,1.0,10,0.19140734896063805,2,1,1,155264.90889747403,0.09937737737737738,0.0,2.439278735338142e-16,0.0
270,dp-means,251.18864315095772,6,1000,13,10.0,1.0,10,0.1911853402853012,2,1,1,155264.90889747403,0.09937737737737738,0.0,2.439278735338142e-16,0.0
271,dp-means,501.18723362727246,6,1000,13,10.0,1.0,10,0.19204699993133545,2,1,1,155264.90889747403,0.09937737737737738,0.0,2.439278735338142e-16,0.0
272,dp-means,1000.0,6,1000,13,10.0,1.0,10,0.1918392013758421,2,1,1,155264.90889747403,0.09937737737737738,0.0,2.439278735338142e-16,0.0
273,dp-means++,0.001,6,1000,13,10.0,1.0,10,7.151758331805468,2,1000,1000,10880.999968617605,0.9006226226226226,0.0,1.169379521824911e-12,0.49977568399022415
274,dp-means++,0.001995262314968879,6,1000,13,10.0,1.0,10,7.149762066081166,2,1000,1000,10880.999968617605,0.9006226226226226,0.0,1.169379521824911e-12,0.49977568399022415
275,dp-means++,0.003981071705534973,6,1000,13,10.0,1.0,10,7.158651288598776,2,1000,1000,10880.999968617605,0.9006226226226226,0.0,1.169379521824911e-12,0.49977568399022415
276,dp-means++,0.007943282347242814,6,1000,13,10.0,1.0,10,7.15413854084909,2,1000,1000,10880.999968617605,0.9006226226226226,0.0,1.169379521824911e-12,0.49977568399022415
277,dp-means++,0.015848931924611134,6,1000,13,10.0,1.0,10,7.151142271235585,2,1000,1000,10880.999968617605,0.9006226226226226,0.0,1.169379521824911e-12,0.49977568399022415
278,dp-means++,0.03162277660168379,6,1000,13,10.0,1.0,10,7.154388898983598,2,1000,1000,10880.999968617605,0.9006226226226226,0.0,1.169379521824911e-12,0.49977568399022415
279,dp-means++,0.0630957344480193,6,1000,13,10.0,1.0,10,7.150119744241238,2,1000,1000,10880.999968617605,0.9006226226226226,0.0,1.169379521824911e-12,0.49977568399022415
280,dp-means++,0.12589254117941676,6,1000,13,10.0,1.0,10,7.150716753676534,2,1000,1000,10880.999968617605,0.9006226226226226,0.0,1.169379521824911e-12,0.49977568399022415
281,dp-means++,0.25118864315095796,6,1000,13,10.0,1.0,10,7.12047010846436,2,1000,1000,10880.999968617605,0.9006226226226226,0.0,1.169379521824911e-12,0.49977568399022415
282,dp-means++,0.501187233627272,6,1000,13,10.0,1.0,10,7.187225250527263,2,1000,1000,10880.999968617605,0.9006226226226226,0.0,1.169379521824911e-12,0.49977568399022415
283,dp-means++,1.0,6,1000,13,10.0,1.0,10,7.189506188035011,2,1000,1000,10880.999968617605,0.9006226226226226,0.0,1.169379521824911e-12,0.49977568399022415
284,dp-means++,1.9952623149688788,6,1000,13,10.0,1.0,10,7.166228789836168,2,997,997,10883.458414092878,0.9006286286286286,0.00010885541763690512,0.0016250247312071284,0.5000014909232153
285,dp-means++,3.981071705534969,6,1000,13,10.0,1.0,10,5.187397018074989,2,835,835,11413.089521412512,0.901005005005005,0.006909495107122044,0.09002587275806347,0.5132622408515042
286,dp-means++,7.943282347242813,6,1000,13,10.0,1.0,10,0.4650153759866953,7,18,18,23598.99007359558,0.9728548548548549,0.8273792795325103,0.911017258594033,0.9139210595393176
287,dp-means++,15.848931924611142,6,1000,13,10.0,1.0,10,0.34219817258417606,5,11,11,24977.119670163687,0.9888408408408409,0.9365645247528959,0.9642057868527659,0.9649177089431902
288,dp-means++,31.622776601683793,6,1000,13,10.0,1.0,10,0.15330927819013596,2,1,1,155264.90889747403,0.09937737737737738,0.0,2.439278735338142e-16,0.0
289,dp-means++,63.0957344480193,6,1000,13,10.0,1.0,10,0.15307443402707577,2,1,1,155264.90889747403,0.09937737737737738,0.0,2.439278735338142e-16,0.0
290,dp-means++,125.89254117941663,6,1000,13,10.0,1.0,10,0.15307007171213627,2,1,1,155264.90889747403,0.09937737737737738,0.0,2.439278735338142e-16,0.0
291,dp-means++,251.18864315095772,6,1000,13,10.0,1.0,10,0.15289230830967426,2,1,1,155264.90889747403,0.09937737737737738,0.0,2.439278735338142e-16,0.0
292,dp-means++,501.18723362727246,6,1000,13,10.0,1.0,10,0.153000608086586,2,1,1,155264.90889747403,0.09937737737737738,0.0,2.439278735338142e-16,0.0
293,dp-means++,1000.0,6,1000,13,10.0,1.0,10,0.1529827881604433,2,1,1,155264.90889747403,0.09937737737737738,0.0,2.439278735338142e-16,0.0
294,dp-means,0.001,7,1000,13,10.0,1.0,10,0.39060910791158676,2,1000,1000,7798.884649225055,0.9006306306306306,0.0,1.3267195727669599e-12,0.49978069400244957
295,dp-means,0.001995262314968879,7,1000,13,10.0,1.0,10,0.4284771606326103,2,1000,1000,7798.884649225055,0.9006306306306306,0.0,1.3267195727669599e-12,0.49978069400244957
296,dp-means,0.003981071705534973,7,1000,13,10.0,1.0,10,0.425341771915555,2,1000,1000,7798.884649225055,0.9006306306306306,0.0,1.3267195727669599e-12,0.49978069400244957
297,dp-means,0.007943282347242814,7,1000,13,10.0,1.0,10,0.42603034526109695,2,1000,1000,7798.884649225055,0.9006306306306306,0.0,1.3267195727669599e-12,0.49978069400244957
298,dp-means,0.015848931924611134,7,1000,13,10.0,1.0,10,0.42634200118482113,2,1000,1000,7798.884649225055,0.9006306306306306,0.0,1.3267195727669599e-12,0.49978069400244957
299,dp-means,0.03162277660168379,7,1000,13,10.0,1.0,10,0.389490881934762,2,1000,1000,7798.884649225055,0.9006306306306306,0.0,1.3267195727669599e-12,0.49978069400244957
300,dp-means,0.0630957344480193,7,1000,13,10.0,1.0,10,0.39266289211809635,2,1000,1000,7798.884649225055,0.9006306306306306,0.0,1.3267195727669599e-12,0.49978069400244957
301,dp-means,0.12589254117941676,7,1000,13,10.0,1.0,10,0.3915999699383974,2,1000,1000,7798.884649225055,0.9006306306306306,0.0,1.3267195727669599e-12,0.49978069400244957
302,dp-means,0.25118864315095796,7,1000,13,10.0,1.0,10,0.39175819605588913,2,1000,1000,7798.884649225055,0.9006306306306306,0.0,1.3267195727669599e-12,0.49978069400244957
303,dp-means,0.501187233627272,7,1000,13,10.0,1.0,10,0.39249619096517563,2,1000,1000,7798.884649225055,0.9006306306306306,0.0,1.3267195727669599e-12,0.49978069400244957
304,dp-means,1.0,7,1000,13,10.0,1.0,10,0.3896852359175682,2,1000,1000,7798.884649225055,0.9006306306306306,0.0,1.3267195727669599e-12,0.49978069400244957
305,dp-means,1.9952623149688788,7,1000,13,10.0,1.0,10,0.3868678342550993,2,990,990,7815.168034631008,0.9006506506506506,0.0003628428587356968,0.005407712070656548,0.500534183164412
306,dp-means,3.981071705534969,7,1000,13,10.0,1.0,10,0.5432371869683266,5,320,320,11785.199843497488,0.9051591591591591,0.07919639821845828,0.4231027646455228,0.5920636622639338
307,dp-means,7.943282347242813,7,1000,13,10.0,1.0,10,0.4669392704963684,7,14,14,20226.39534778381,0.9855455455455455,0.9136575324095882,0.9540004126122482,0.9551835256857
308,dp-means,15.848931924611142,7,1000,13,10.0,1.0,10,0.4288107194006443,7,6,6,46414.13522289001,0.863005005005005,0.5142062740185913,0.7902297923747021,0.7926689220519376
309,dp-means,31.622776601683793,7,1000,13,10.0,1.0,10,0.1421198770403862,2,1,1,143945.48525023,0.09936936936936937,0.0,-7.719133345168211e-17,0.0
310,dp-means,63.0957344480193,7,1000,13,10.0,1.0,10,0.19066929630935192,2,1,1,143945.48525023,0.09936936936936937,0.0,-7.719133345168211e-17,0.0
311,dp-means,125.89254117941663,7,1000,13,10.0,1.0,10,0.19140197709202766,2,1,1,143945.48525023,0.09936936936936937,0.0,-7.719133345168211e-17,0.0
312,dp-means,251.18864315095772,7,1000,13,10.0,1.0,10,0.1901128925383091,2,1,1,143945.48525023,0.09936936936936937,0.0,-7.719133345168211e-17,0.0
313,dp-means,501.18723362727246,7,1000,13,10.0,1.0,10,0.19075634330511093,2,1,1,143945.48525023,0.09936936936936937,0.0,-7.719133345168211e-17,0.0
314,dp-means,1000.0,7,1000,13,10.0,1.0,10,0.19016133435070515,2,1,1,143945.48525023,0.09936936936936937,0.0,-7.719133345168211e-17,0.0
315,dp-means++,0.001,7,1000,13,10.0,1.0,10,7.141433903947473,2,1000,1000,7798.884649225055,0.9006306306306306,0.0,1.3267195727669599e-12,0.49978069400244957
316,dp-means++,0.001995262314968879,7,1000,13,10.0,1.0,10,7.191865008324385,2,1000,1000,7798.884649225055,0.9006306306306306,0.0,1.3267195727669599e-12,0.49978069400244957
317,dp-means++,0.003981071705534973,7,1000,13,10.0,1.0,10,7.142796080559492,2,1000,1000,7798.884649225055,0.9006306306306306,0.0,1.3267195727669599e-12,0.49978069400244957
318,dp-means++,0.007943282347242814,7,1000,13,10.0,1.0,10,7.191988378763199,2,1000,1000,7798.884649225055,0.9006306306306306,0.0,1.3267195727669599e-12,0.49978069400244957
319,dp-means++,0.015848931924611134,7,1000,13,10.0,1.0,10,7.141511935740709,2,1000,1000,7798.884649225055,0.9006306306306306,0.0,1.3267195727669599e-12,0.49978069400244957
320,dp-means++,0.03162277660168379,7,1000,13,10.0,1.0,10,7.148632662370801,2,1000,1000,7798.884649225055,0.9006306306306306,0.0,1.3267195727669599e-12,0.49978069400244957
321,dp-means++,0.0630957344480193,7,1000,13,10.0,1.0,10,7.141814775764942,2,1000,1000,7798.884649225055,0.9006306306306306,0.0,1.3267195727669599e-12,0.49978069400244957
322,dp-means++,0.12589254117941676,7,1000,13,10.0,1.0,10,7.139434918761253,2,1000,1000,7798.884649225055,0.9006306306306306,0.0,1.3267195727669599e-12,0.49978069400244957
323,dp-means++,0.25118864315095796,7,1000,13,10.0,1.0,10,7.140234196558595,2,1000,1000,7798.884649225055,0.9006306306306306,0.0,1.3267195727669599e-12,0.49978069400244957
324,dp-means++,0.501187233627272,7,1000,13,10.0,1.0,10,7.144945094361901,2,1000,1000,7798.884649225055,0.9006306306306306,0.0,1.3267195727669599e-12,0.49978069400244957
325,dp-means++,1.0,7,1000,13,10.0,1.0,10,7.140929847955704,2,1000,1000,7798.884649225055,0.9006306306306306,0.0,1.3267195727669599e-12,0.49978069400244957
326,dp-means++,1.9952623149688788,7,1000,13,10.0,1.0,10,7.180639700964093,2,999,999,7800.9805349826565,0.9006326326326326,3.628955744625146e-05,0.000541944506241658,0.4998559408180752
327,dp-means++,3.981071705534969,7,1000,13,10.0,1.0,10,5.453467922285199,3,845,845,8346.290158482912,0.901005005005005,0.006765832407906515,0.08566370795047638,0.5126073951668981
328,dp-means++,7.943282347242813,7,1000,13,10.0,1.0,10,0.4285703133791685,6,23,23,19747.377872155434,0.9634174174174174,0.7555914350284695,0.8774580380946149,0.8825675984499446
329,dp-means++,15.848931924611142,7,1000,13,10.0,1.0,10,0.22148208506405354,3,7,7,44353.575053564084,0.8844904904904904,0.5721773433797473,0.8522752776868583,0.8542785761484158
330,dp-means++,31.622776601683793,7,1000,13,10.0,1.0,10,0.1521315723657608,2,1,1,143945.48525023,0.09936936936936937,0.0,-7.719133345168211e-17,0.0
331,dp-means++,63.0957344480193,7,1000,13,10.0,1.0,10,0.15287918597459793,2,1,1,143945.48525023,0.09936936936936937,0.0,-7.719133345168211e-17,0.0
332,dp-means++,125.89254117941663,7,1000,13,10.0,1.0,10,0.15298618376255035,2,1,1,143945.48525023,0.09936936936936937,0.0,-7.719133345168211e-17,0.0
333,dp-means++,251.18864315095772,7,1000,13,10.0,1.0,10,0.1528535559773445,2,1,1,143945.48525023,0.09936936936936937,0.0,-7.719133345168211e-17,0.0
334,dp-means++,501.18723362727246,7,1000,13,10.0,1.0,10,0.15286733396351337,2,1,1,143945.48525023,0.09936936936936937,0.0,-7.719133345168211e-17,0.0
335,dp-means++,1000.0,7,1000,13,10.0,1.0,10,0.152869937941432,2,1,1,143945.48525023,0.09936936936936937,0.0,-7.719133345168211e-17,0.0
336,dp-means,0.001,8,1000,13,10.0,1.0,10,0.3952394761145115,2,1000,1000,11778.59898376274,0.900036036036036,0.0,1.160310486436567e-12,0.49927213851096713
337,dp-means,0.001995262314968879,8,1000,13,10.0,1.0,10,0.3920834604650736,2,1000,1000,11778.59898376274,0.900036036036036,0.0,1.160310486436567e-12,0.49927213851096713
338,dp-means,0.003981071705534973,8,1000,13,10.0,1.0,10,0.3909082245081663,2,1000,1000,11778.59898376274,0.900036036036036,0.0,1.160310486436567e-12,0.49927213851096713
339,dp-means,0.007943282347242814,8,1000,13,10.0,1.0,10,0.391536271199584,2,1000,1000,11778.59898376274,0.900036036036036,0.0,1.160310486436567e-12,0.49927213851096713
340,dp-means,0.015848931924611134,8,1000,13,10.0,1.0,10,0.388477586209774,2,1000,1000,11778.59898376274,0.900036036036036,0.0,1.160310486436567e-12,0.49927213851096713
341,dp-means,0.03162277660168379,8,1000,13,10.0,1.0,10,0.38946447148919106,2,1000,1000,11778.59898376274,0.900036036036036,0.0,1.160310486436567e-12,0.49927213851096713
342,dp-means,0.0630957344480193,8,1000,13,10.0,1.0,10,0.3906996585428715,2,1000,1000,11778.59898376274,0.900036036036036,0.0,1.160310486436567e-12,0.49927213851096713
343,dp-means,0.12589254117941676,8,1000,13,10.0,1.0,10,0.39293793216347694,2,1000,1000,11778.59898376274,0.900036036036036,0.0,1.160310486436567e-12,0.49927213851096713
344,dp-means,0.25118864315095796,8,1000,13,10.0,1.0,10,0.3933115042746067,2,1000,1000,11778.59898376274,0.900036036036036,0.0,1.160310486436567e-12,0.49927213851096713
345,dp-means,0.501187233627272,8,1000,13,10.0,1.0,10,0.3904149439185858,2,1000,1000,11778.59898376274,0.900036036036036,0.0,1.160310486436567e-12,0.49927213851096713
346,dp-means,1.0,8,1000,13,10.0,1.0,10,0.39118659123778343,2,1000,1000,11778.59898376274,0.900036036036036,0.0,1.160310486436567e-12,0.49927213851096713
347,dp-means,1.9952623149688788,8,1000,13,10.0,1.0,10,0.3871710430830717,2,992,992,11784.38962102231,0.900054054054054,0.0003244074482214812,0.0044925353786159075,0.49990278726464593
348,dp-means,3.981071705534969,8,1000,13,10.0,1.0,10,0.5246745869517326,5,294,294,16100.01490638459,0.905951951951952,0.1017131580009814,0.45370923960692866,0.603664424976211
349,dp-means,7.943282347242813,8,1000,13,10.0,1.0,10,0.35460262931883335,5,11,11,25468.124625294564,0.996986986986987,0.9830283109648202,0.9882258867334527,0.9884611259680955
350,dp-means,15.848931924611142,8,1000,13,10.0,1.0,10,1.0983404088765383,19,8,8,45995.738933199,0.9454394394394394,0.7431062455962443,0.8728606931296699,0.8747498367249196
351,dp-means,31.622776601683793,8,1000,13,10.0,1.0,10,0.14345116913318634,2,1,1,161088.6401343827,0.09996396396396397,0.0,4.019399987624044e-17,0.0
352,dp-means,63.0957344480193,8,1000,13,10.0,1.0,10,0.19302217103540897,2,1,1,161088.6401343827,0.09996396396396397,0.0,4.019399987624044e-17,0.0
353,dp-means,125.89254117941663,8,1000,13,10.0,1.0,10,0.19258126989006996,2,1,1,161088.6401343827,0.09996396396396397,0.0,4.019399987624044e-17,0.0
354,dp-means,251.18864315095772,8,1000,13,10.0,1.0,10,0.19211543910205364,2,1,1,161088.6401343827,0.09996396396396397,0.0,4.019399987624044e-17,0.0
355,dp-means,501.18723362727246,8,1000,13,10.0,1.0,10,0.1914401315152645,2,1,1,161088.6401343827,0.09996396396396397,0.0,4.019399987624044e-17,0.0
356,dp-means,1000.0,8,1000,13,10.0,1.0,10,0.1913935150951147,2,1,1,161088.6401343827,0.09996396396396397,0.0,4.019399987624044e-17,0.0
357,dp-means++,0.001,8,1000,13,10.0,1.0,10,7.163262037560344,2,1000,1000,11778.59898376274,0.900036036036036,0.0,1.160310486436567e-12,0.49927213851096713
358,dp-means++,0.001995262314968879,8,1000,13,10.0,1.0,10,7.16272671148181,2,1000,1000,11778.59898376274,0.900036036036036,0.0,1.160310486436567e-12,0.49927213851096713
359,dp-means++,0.003981071705534973,8,1000,13,10.0,1.0,10,7.161716258153319,2,1000,1000,11778.59898376274,0.900036036036036,0.0,1.160310486436567e-12,0.49927213851096713
360,dp-means++,0.007943282347242814,8,1000,13,10.0,1.0,10,7.162419691681862,2,1000,1000,11778.59898376274,0.900036036036036,0.0,1.160310486436567e-12,0.49927213851096713
361,dp-means++,0.015848931924611134,8,1000,13,10.0,1.0,10,7.172553950920701,2,1000,1000,11778.59898376274,0.900036036036036,0.0,1.160310486436567e-12,0.49927213851096713
362,dp-means++,0.03162277660168379,8,1000,13,10.0,1.0,10,7.162179283797741,2,1000,1000,11778.59898376274,0.900036036036036,0.0,1.160310486436567e-12,0.49927213851096713
363,dp-means++,0.0630957344480193,8,1000,13,10.0,1.0,10,7.164049604907632,2,1000,1000,11778.59898376274,0.900036036036036,0.0,1.160310486436567e-12,0.49927213851096713
364,dp-means++,0.12589254117941676,8,1000,13,10.0,1.0,10,7.164068004116416,2,1000,1000,11778.59898376274,0.900036036036036,0.0,1.160310486436567e-12,0.49927213851096713
365,dp-means++,0.25118864315095796,8,1000,13,10.0,1.0,10,7.144944187253714,2,1000,1000,11778.59898376274,0.900036036036036,0.0,1.160310486436567e-12,0.49927213851096713
366,dp-means++,0.501187233627272,8,1000,13,10.0,1.0,10,7.151136929169297,2,1000,1000,11778.59898376274,0.900036036036036,0.0,1.160310486436567e-12,0.49927213851096713
367,dp-means++,1.0,8,1000,13,10.0,1.0,10,7.146222949028015,2,1000,1000,11778.59898376274,0.900036036036036,0.0,1.160310486436567e-12,0.49927213851096713
368,dp-means++,1.9952623149688788,8,1000,13,10.0,1.0,10,7.1435152515769005,2,999,999,11778.59898376274,0.9000380380380381,3.604989244492361e-05,0.0005412203487669158,0.49934733424425365
369,dp-means++,3.981071705534969,8,1000,13,10.0,1.0,10,6.106923831626773,2,916,916,12037.673559046656,0.9002202202202202,0.003311761256170609,0.045817077934777926,0.5058913091543163
370,dp-means++,7.943282347242813,8,1000,13,10.0,1.0,10,0.6644062288105488,9,46,46,22684.887544184447,0.9343743743743744,0.4850351997260106,0.7661464774904163,0.7841906862698937
371,dp-means++,15.848931924611142,8,1000,13,10.0,1.0,10,0.6123027540743351,10,8,8,43786.12022360171,0.9496356356356357,0.7628672549047653,0.895998790850795,0.8975444721151125
372,dp-means++,31.622776601683793,8,1000,13,10.0,1.0,10,0.15329650044441223,2,1,1,161088.6401343827,0.09996396396396397,0.0,4.019399987624044e-17,0.0
373,dp-means++,63.0957344480193,8,1000,13,10.0,1.0,10,0.15355859510600567,2,1,1,161088.6401343827,0.09996396396396397,0.0,4.019399987624044e-17,0.0
374,dp-means++,125.89254117941663,8,1000,13,10.0,1.0,10,0.15282050520181656,2,1,1,161088.6401343827,0.09996396396396397,0.0,4.019399987624044e-17,0.0
375,dp-means++,251.18864315095772,8,1000,13,10.0,1.0,10,0.15281034260988235,2,1,1,161088.6401343827,0.09996396396396397,0.0,4.019399987624044e-17,0.0
376,dp-means++,501.18723362727246,8,1000,13,10.0,1.0,10,0.15343686752021313,2,1,1,161088.6401343827,0.09996396396396397,0.0,4.019399987624044e-17,0.0
377,dp-means++,1000.0,8,1000,13,10.0,1.0,10,0.15439992770552635,2,1,1,161088.6401343827,0.09996396396396397,0.0,4.019399987624044e-17,0.0
378,dp-means,0.001,9,1000,13,10.0,1.0,10,0.3945949114859104,2,1000,1000,10867.082879834321,0.8998778778778779,0.0,1.1778643287435853e-12,0.4991620222395998
379,dp-means,0.001995262314968879,9,1000,13,10.0,1.0,10,0.3924503028392792,2,1000,1000,10867.082879834321,0.8998778778778779,0.0,1.1778643287435853e-12,0.4991620222395998
380,dp-means,0.003981071705534973,9,1000,13,10.0,1.0,10,0.39422525465488434,2,1000,1000,10867.082879834321,0.8998778778778779,0.0,1.1778643287435853e-12,0.4991620222395998
381,dp-means,0.007943282347242814,9,1000,13,10.0,1.0,10,0.392510823905468,2,1000,1000,10867.082879834321,0.8998778778778779,0.0,1.1778643287435853e-12,0.4991620222395998
382,dp-means,0.015848931924611134,9,1000,13,10.0,1.0,10,0.39215757697820663,2,1000,1000,10867.082879834321,0.8998778778778779,0.0,1.1778643287435853e-12,0.4991620222395998
383,dp-means,0.03162277660168379,9,1000,13,10.0,1.0,10,0.39262500777840614,2,1000,1000,10867.082879834321,0.8998778778778779,0.0,1.1778643287435853e-12,0.4991620222395998
384,dp-means,0.0630957344480193,9,1000,13,10.0,1.0,10,0.3929290119558573,2,1000,1000,10867.082879834321,0.8998778778778779,0.0,1.1778643287435853e-12,0.4991620222395998
385,dp-means,0.12589254117941676,9,1000,13,10.0,1.0,10,0.3940231651067734,2,1000,1000,10867.082879834321,0.8998778778778779,0.0,1.1778643287435853e-12,0.4991620222395998
386,dp-means,0.25118864315095796,9,1000,13,10.0,1.0,10,0.39333816058933735,2,1000,1000,10867.082879834321,0.8998778778778779,0.0,1.1778643287435853e-12,0.4991620222395998
387,dp-means,0.501187233627272,9,1000,13,10.0,1.0,10,0.395442808046937,2,1000,1000,10867.082879834321,0.8998778778778779,0.0,1.1778643287435853e-12,0.4991620222395998
388,dp-means,1.0,9,1000,13,10.0,1.0,10,0.394499059766531,2,1000,1000,10867.082879834321,0.8998778778778779,0.0,1.1778643287435853e-12,0.4991620222395998
389,dp-means,1.9952623149688788,9,1000,13,10.0,1.0,10,0.3893087822943926,2,988,988,10879.498180048744,0.8999019019019019,0.0004317635201204729,0.006475427084934198,0.5000657355360124
390,dp-means,3.981071705534969,9,1000,13,10.0,1.0,10,0.5277951490134001,5,295,295,14946.206965033492,0.9057057057057057,0.10009897200358243,0.44617341627998225,0.6007088973521307
391,dp-means,7.943282347242813,9,1000,13,10.0,1.0,10,0.18264611437916756,2,10,10,24140.734852392896,1.0,1.0,1.0,1.0
392,dp-means,15.848931924611142,9,1000,13,10.0,1.0,10,0.2652987018227577,4,7,7,42447.95937703232,0.9334454454454455,0.7059774119562048,0.8596701676299074,0.8615115460238321
393,dp-means,31.622776601683793,9,1000,13,10.0,1.0,10,0.14351352117955685,2,1,1,138451.14785737015,0.10012212212212213,0.0,5.721596986068973e-17,0.0
394,dp-means,63.0957344480193,9,1000,13,10.0,1.0,10,0.19347820803523064,2,1,1,138451.14785737015,0.10012212212212213,0.0,5.721596986068973e-17,0.0
395,dp-means,125.89254117941663,9,1000,13,10.0,1.0,10,0.19324716366827488,2,1,1,138451.14785737015,0.10012212212212213,0.0,5.721596986068973e-17,0.0
396,dp-means,251.18864315095772,9,1000,13,10.0,1.0,10,0.192262077704072,2,1,1,138451.14785737015,0.10012212212212213,0.0,5.721596986068973e-17,0.0
397,dp-means,501.18723362727246,9,1000,13,10.0,1.0,10,0.1916241217404604,2,1,1,138451.14785737015,0.10012212212212213,0.0,5.721596986068973e-17,0.0
398,dp-means,1000.0,9,1000,13,10.0,1.0,10,0.19185099564492702,2,1,1,138451.14785737015,0.10012212212212213,0.0,5.721596986068973e-17,0.0
399,dp-means++,0.001,9,1000,13,10.0,1.0,10,7.147794596850872,2,1000,1000,10867.082879834321,0.8998778778778779,0.0,1.1778643287435853e-12,0.4991620222395998
400,dp-means++,0.001995262314968879,9,1000,13,10.0,1.0,10,7.148504300042987,2,1000,1000,10867.082879834321,0.8998778778778779,0.0,1.1778643287435853e-12,0.4991620222395998
401,dp-means++,0.003981071705534973,9,1000,13,10.0,1.0,10,7.15358136035502,2,1000,1000,10867.082879834321,0.8998778778778779,0.0,1.1778643287435853e-12,0.4991620222395998
402,dp-means++,0.007943282347242814,9,1000,13,10.0,1.0,10,7.148418953642249,2,1000,1000,10867.082879834321,0.8998778778778779,0.0,1.1778643287435853e-12,0.4991620222395998
403,dp-means++,0.015848931924611134,9,1000,13,10.0,1.0,10,7.152740158140659,2,1000,1000,10867.082879834321,0.8998778778778779,0.0,1.1778643287435853e-12,0.4991620222395998
404,dp-means++,0.03162277660168379,9,1000,13,10.0,1.0,10,7.147245166823268,2,1000,1000,10867.082879834321,0.8998778778778779,0.0,1.1778643287435853e-12,0.4991620222395998
405,dp-means++,0.0630957344480193,9,1000,13,10.0,1.0,10,7.1466572023928165,2,1000,1000,10867.082879834321,0.8998778778778779,0.0,1.1778643287435853e-12,0.4991620222395998
406,dp-means++,0.12589254117941676,9,1000,13,10.0,1.0,10,7.15326221100986,2,1000,1000,10867.082879834321,0.8998778778778779,0.0,1.1778643287435853e-12,0.4991620222395998
407,dp-means++,0.25118864315095796,9,1000,13,10.0,1.0,10,7.147324433550239,2,1000,1000,10867.082879834321,0.8998778778778779,0.0,1.1778643287435853e-12,0.4991620222395998
408,dp-means++,0.501187233627272,9,1000,13,10.0,1.0,10,7.178552011027932,2,1000,1000,10867.082879834321,0.8998778778778779,0.0,1.1778643287435853e-12,0.4991620222395998
409,dp-means++,1.0,9,1000,13,10.0,1.0,10,7.181578142568469,2,1000,1000,10867.082879834321,0.8998778778778779,0.0,1.1778643287435853e-12,0.4991620222395998
410,dp-means++,1.9952623149688788,9,1000,13,10.0,1.0,10,7.1463143937289715,2,1000,1000,10867.082879834321,0.8998778778778779,0.0,1.1778643287435853e-12,0.4991620222395998
411,dp-means++,3.981071705534969,9,1000,13,10.0,1.0,10,5.115906618535519,3,814,814,11483.105386859996,0.9003343343343343,0.008175273393999686,0.10238413347398943,0.5147220309009304
412,dp-means++,7.943282347242813,9,1000,13,10.0,1.0,10,0.5864924285560846,9,17,17,23556.625232669845,0.9764744744744744,0.8542234181671332,0.9234826050126623,0.9258706221473515
413,dp-means++,15.848931924611142,9,1000,13,10.0,1.0,10,0.2199651449918747,3,6,6,50734.79412176406,0.9022282282282282,0.620212121681591,0.841620512087795,0.8434346140477361
414,dp-means++,31.622776601683793,9,1000,13,10.0,1.0,10,0.15302387811243534,2,1,1,138451.14785737015,0.10012212212212213,0.0,5.721596986068973e-17,0.0
415,dp-means++,63.0957344480193,9,1000,13,10.0,1.0,10,0.1524974349886179,2,1,1,138451.14785737015,0.10012212212212213,0.0,5.721596986068973e-17,0.0
416,dp-means++,125.89254117941663,9,1000,13,10.0,1.0,10,0.15290670469403267,2,1,1,138451.14785737015,0.10012212212212213,0.0,5.721596986068973e-17,0.0
417,dp-means++,251.18864315095772,9,1000,13,10.0,1.0,10,0.15283332765102386,2,1,1,138451.14785737015,0.10012212212212213,0.0,5.721596986068973e-17,0.0
418,dp-means++,501.18723362727246,9,1000,13,10.0,1.0,10,0.15267596766352654,2,1,1,138451.14785737015,0.10012212212212213,0.0,5.721596986068973e-17,0.0
419,dp-means++,1000.0,9,1000,13,10.0,1.0,10,0.1526093389838934,2,1,1,138451.14785737015,0.10012212212212213,0.0,5.721596986068973e-17,0.0
